Location,Total_Fresh_Sales,Total_FoodCourt_Sales,Total_Sales,Total_Other_Sales,Median_Fresh_Sales,Median_FoodCourt_Sales,Median_Sales,Median_Other_Sales,State,Total_Water_Usage,Total_Cooling,Total_Irrigation,Total_Operations,Median_Total_Water,Median_Total_Cooling,Median_Total_Irrigation,Median_Total_Operations,Total_Shoppers,Median_Total_Shoppers
1,4874125,2286979,7270702,109598,993153,896289,1668777,1629772,AL,1269911,598677,518695,152539,451284,1579,491713,451284,867559,58989
2,2569164,888268,7446159,3988727,914152,414051,1429874,1551898,AK,1787637,853809,405558,528270,136569,292852,99870,136569,865390,528160
3,3709224,2145942,6594680,739514,334502,539797,2416038,1603525,AZ,1128514,647447,144568,336499,449537,230401,286242,286242,123015,385480
4,733929,2802909,8907771,5370933,268834,422747,479791,1383635,AR,1579028,118823,898517,561688,91182,118667,19478,91182,599900,288835
5,3847313,873909,8116338,3395116,321519,652507,1702574,1591133,CA,1927633,894472,742115,291046,1684,295300,368770,295300,795979,957028
6,3248313,2898857,9303383,3156213,168080,958590,1033548,1534842,CO,1881007,652406,296682,931919,2223,106765,238360,106765,884964,282608
7,1255185,361779,8711249,7094285,847833,422276,1696359,198146,CT,1151093,817218,57163,276712,26875,227173,70782,70782,1271699,631993
8,4578297,782868,9888699,4527534,786629,832967,861102,1986026,DE,993105,88671,452100,452334,216015,91498,476611,216015,851519,122690
9,1774790,1047588,9669059,6846681,39502,527016,646266,968355,DC,1813131,369671,677221,766239,464523,315131,392129,392129,677241,242197
10,590389,2444489,5565561,2530683,291555,927650,2292139,768039,FL,1690500,334557,975227,380716,353614,165628,224584,224584,578243,589189
11,3931497,919655,7157498,2306346,731307,527678,1372615,493830,GA,1551492,230541,768683,552268,436159,400167,401696,401696,1513757,819352
12,1993566,940324,7518350,4584460,188509,265782,2457719,1377298,HI,1654132,375076,850979,428077,13023,2091,167562,13023,1986711,186787
13,3028459,2561751,9117410,3527200,755350,673410,1779171,1613226,ID,1344084,91308,726028,526748,293828,231741,459811,293828,1386887,734485
14,1740631,2634524,9450358,5075203,608477,738133,87646,1493388,IL,2412064,790336,767455,854273,302420,235482,245388,245388,1170377,105754
15,4959766,533474,6396589,903349,288081,335248,382641,1418894,IN,1058572,796417,11898,250257,369328,468596,183461,369328,863432,395513
16,3596231,988037,7475329,2891061,551172,402054,2307592,77012,IA,1926997,580930,795816,550251,166933,129926,416458,166933,1599846,908525
17,2368332,137095,9568340,7062913,8916,87206,1154131,1735421,KS,1522975,911470,52096,559409,209281,30778,16720,30778,142790,69179
18,1469524,472503,7190343,5248316,609648,319340,2419692,1489247,KY,834662,43611,401546,389505,341351,321619,195403,321619,1381007,529681
19,3216258,1604408,9305263,4484597,238994,665665,2269757,1319787,LA,1310606,479107,333823,497676,450479,468747,308592,450479,966231,884266
20,106570,1480789,9732297,8144938,315481,829760,1839028,1497946,ME,1270991,460362,241037,569592,498279,177977,120400,177977,989660,114554
21,2661279,2441756,7510028,2406993,638480,929564,362037,1608266,MD,1229409,137598,710543,381268,325302,348124,38156,325302,940996,964261
22,628026,1855653,8858225,6374546,203476,420121,215676,1739078,MA,1578200,253186,555867,769147,341973,460627,94218,341973,729237,901513
23,4012504,1400617,9001900,3588779,780243,187396,1498311,658075,MI,1125109,364427,112502,648180,228073,339524,416424,339524,371704,179845
24,2051080,1940997,5700163,1708086,295893,526728,1236706,998829,MN,388905,37602,294817,56486,443083,345965,12356,345965,227383,657049
25,2416836,2475203,6231075,1339036,504004,595215,2249825,1214197,MS,1127898,387958,518398,221542,294406,95274,319585,294406,1982221,570701
26,3826497,179211,5020709,1015001,349,518528,872362,1717164,MO,1319130,322181,713718,283231,189637,18893,492510,189637,529258,931096
27,714630,2798705,6964968,3451633,241844,325227,281250,716604,MT,1165906,307943,303389,554574,273531,164696,357647,273531,1044020,809194
28,1720112,1118625,5164089,2325352,120024,228796,1188898,575290,NE,1189806,161435,95612,932759,389218,167662,417356,389218,1473555,276941
29,1398237,2630789,6501436,2472410,185719,155923,443366,1472278,NV,1247718,187177,494774,565767,106765,214167,110605,110605,1306962,559594
30,2772424,2417933,9538484,4348127,749270,829741,583778,1296587,NH,584548,69812,50187,464549,479666,378654,247641,378654,693552,807918
31,4549387,2071112,8894564,2274065,587112,434961,1772099,1452523,NJ,1088612,81768,183256,823588,13335,35564,2456,13335,684468,108227
32,3712481,58990,7883007,4111536,252880,616227,1696983,1934534,NM,1868803,683858,736284,448661,232456,443154,302022,302022,1453507,537619
33,1711255,674020,9032772,6647497,913039,51561,199405,22542,NY,2037446,969905,827831,239710,323313,8036,370117,323313,1476815,415102
34,1727415,983969,9049323,6337939,777442,145815,1895012,289946,NC,2139387,575867,850961,712559,260817,437404,68350,260817,1814525,683636
35,2489554,2180432,9940358,5270372,330143,493594,117285,1019536,ND,766308,168112,153760,444436,292072,241454,494344,292072,1657296,157085
36,630505,1952113,6057309,3474691,599405,681085,488675,174335,OH,1165196,113430,90504,961262,460391,281758,175964,281758,995093,55554
37,834665,2298457,9327114,6193992,938527,244795,2441655,400148,OK,1985375,692797,458172,834406,338099,422710,143756,338099,801567,459478
38,3507690,1297146,9720992,4916156,341121,9158,2035155,536389,OR,1666365,388681,707318,570366,356104,192160,75541,192160,1434966,378425
39,3532613,1647624,8029643,2849406,508999,340791,705925,395047,PA,1351293,657955,15735,677603,339629,462535,120757,339629,1095345,787308
40,4888825,808377,8360855,2663653,66223,34634,1673078,1898713,RI,1578167,3742,594375,980050,48184,212497,426462,212497,1374476,718069
41,4752408,112879,6120493,1255206,517431,930927,430665,1477268,SC,857789,276066,282683,299040,226297,255813,230138,230138,1599188,812954
42,402857,458600,5169538,4308081,478239,108261,1537318,1934824,SD,1827570,828182,62907,936481,437554,125444,194061,194061,25349,771592
43,1531701,311338,7166855,5323816,628331,529404,550721,117721,TN,1184899,620697,430507,133695,235279,300503,353682,300503,1150134,409542
44,4424700,1445388,7287426,1417338,246541,817231,1726728,1245090,TX,1578681,86760,594094,897827,131927,68357,343699,131927,1738259,510656
45,4035519,88531,8339435,4215385,912974,19985,1192912,1884007,UT,2689713,978439,884074,827200,243284,86386,488398,243284,548190,364782
46,2785521,731330,9883378,6366527,903213,974794,1907290,335364,VT,2031924,227207,907420,897297,398008,476204,242892,398008,1912003,129544
47,4234956,2192614,5776400,-651170,167553,615658,1827606,37218,VA,1980970,899262,286111,795597,110134,116288,449781,116288,1045714,477245
48,373654,900479,8257614,6983481,19211,409492,1755762,785321,WA,1206382,33788,490882,681712,454295,98081,453124,453124,831847,406206
49,1531012,1435932,8605537,5638593,46930,105081,508783,1721260,WV,1414656,705504,381838,327314,310913,403663,109614,310913,343985,698728
50,1662450,2274250,8382930,4446230,184518,485968,1485432,1321430,WI,1577754,733715,253014,591025,495072,34241,464967,464967,520801,580080
51,86073,1458508,5756047,4211466,289210,798869,197354,1159728,WY,1411173,686323,636057,88793,314557,264043,270709,270709,899782,250893
52,1870039,2650694,7406791,2886058,764997,76687,1656118,35178,CA,568068,233579,21126,313363,260658,171115,255535,255535,465106,628116
53,2055249,2402075,8348463,3891139,101412,188835,868478,1224332,CA,1938824,313634,727756,897434,25690,183641,112226,112226,158592,157718
54,2021836,734808,6324164,3567520,838997,580244,29783,1058179,CA,1685126,390255,773357,521514,378869,415998,442988,415998,1535218,627714
55,4802807,2014048,5640254,-1176601,519468,347893,105522,398281,NY,2209665,847576,961564,400525,458099,211570,214513,214513,788698,591816
56,1406088,2678244,6462301,2377969,696057,615152,1538787,1367457,NY,2047270,546641,623787,876842,301276,470920,128204,301276,1500916,475256
57,2698876,486563,9275623,6090184,641025,149551,344422,1494970,NY,1661363,744837,397986,518540,435789,210074,225540,225540,1951603,979109
58,1467579,543646,9032787,7021562,65084,576079,842161,410028,AL,1633168,828651,520677,283840,290001,280453,12786,280453,308703,662193
59,3702654,802790,9213342,4707898,44261,403553,1094549,494368,AK,1605991,301436,735937,568618,262710,6495,324446,262710,937242,208759
60,1025244,529141,9086510,7532125,447119,184174,975231,1320798,AZ,2023032,630134,454361,938537,84339,181116,253408,181116,124054,459463
61,3003257,1692687,8631693,3935749,836113,833907,380355,718612,AR,1107015,41870,684262,380883,457920,417865,356964,417865,1158739,641711
62,1323865,338131,9082239,7420243,165425,726461,2058973,482199,CA,1516458,128024,496180,892254,212612,266563,282727,266563,881217,203270
63,1935774,163326,6796804,4697704,962117,855413,1615889,1370739,CO,2494785,795970,732029,966786,213506,26623,213096,213096,1677911,755868
64,2414751,2384027,9850414,5051636,604349,57437,595432,778267,CT,721488,262944,235987,222557,104460,344440,400874,344440,1071887,224212
65,3930099,1389293,9464489,4145097,749061,197512,445171,580228,DE,302930,169268,94817,38845,107397,293554,447090,293554,1444643,124504
66,1059485,721410,9412392,7631497,52734,682545,702314,1939014,DC,2243044,360921,952976,929147,449125,362788,235941,362788,489957,951335
67,4387899,1830165,5059230,-1158834,777364,853555,1844305,1349614,FL,1074239,609305,96614,368320,205807,484313,273663,273663,1228772,558817
68,3136684,528492,9486884,5821708,321819,624196,573137,793446,GA,1691647,700506,325111,666030,459326,295837,214134,295837,554697,458390
69,1951030,690196,9595080,6953854,756094,945827,193366,1133641,HI,1766205,565164,287963,913078,255567,213001,387758,255567,261565,474506
70,4096313,507588,9342704,4738803,109168,678370,1006355,1324563,ID,1054639,107879,299248,647512,88871,134147,423454,134147,1003570,263013
71,2889969,93001,9102075,6119105,223693,537558,911532,1176359,IL,2449824,801204,865759,782861,381107,376167,358626,376167,1749013,741331
72,810998,2675886,8598979,5112095,655353,437978,1355680,200246,IN,1714340,654934,695642,363764,248333,389694,129020,248333,1027138,601324
73,1681074,1379876,9400988,6340038,694044,282730,648875,1938688,IA,2712843,831244,927698,953901,271636,220838,111195,220838,1030790,947965
74,1672079,2157146,7120408,3291183,504863,356098,2300946,1646537,KS,2414030,727033,760016,926981,301087,107573,2399,107573,1542734,586668
75,1509286,737371,6916148,4669491,176426,112216,1699603,1771391,KY,2245115,658450,893863,692802,23491,459297,343379,343379,663799,274770
76,4752884,176698,9353182,4423600,353946,727627,923531,820967,LA,1461292,419819,795612,245861,362557,489000,184614,362557,1014269,582752
77,3330866,1921410,9832008,4579732,145267,529363,559453,385078,ME,2455623,752547,724060,979016,266522,220374,126394,220374,193549,433068
78,188159,494067,7473870,6791644,603737,533325,21781,541483,MD,1935026,632273,623631,679122,370375,437677,186355,370375,1895622,288217
79,3752882,1968488,5606854,-114516,362210,413340,368674,1270213,MA,1756210,208297,810524,737389,7464,426998,150925,150925,450605,182211
80,4922279,1796830,5249274,-1469835,730427,533269,1856400,343044,MI,995391,185416,745992,63983,187653,364535,332816,332816,191999,684377
81,4285475,24576,5638644,1328593,590375,681725,1911815,1120233,MN,757958,408182,276016,73760,338565,452974,372546,372546,1487418,149213
82,3061191,145699,5916354,2709464,140755,15459,1047230,396066,MS,1805806,470233,795539,540034,253406,471647,351027,351027,413177,994934
83,3468816,2476883,6710838,765139,64576,851594,1249036,1643245,MO,1567326,594054,801770,171502,401818,450406,273716,401818,1157186,37810
84,822574,884555,9987803,8280674,911337,2000,2072650,1393240,MT,1867063,755648,672261,439154,406279,237961,477680,406279,410834,945991
85,2995608,2083004,7086465,2007853,70260,673954,1425511,1070810,NE,993730,62866,267480,663384,326100,308711,420805,326100,116111,788796
86,3539315,391034,5129278,1198929,832164,7899,1185220,1677876,NV,1443795,667350,25133,751312,56823,420406,421165,420406,191292,561625
87,4194568,820551,5304687,289568,102359,275235,1826018,1274101,NH,1109867,768628,232768,108471,77549,353588,75251,77549,686918,874037
88,98398,1064561,8410533,7247574,347895,147781,833550,30956,NJ,1519725,602661,447835,469229,108642,441169,223543,223543,349277,357088
89,1347594,2323921,6118173,2446658,731405,257752,819545,788141,NM,850989,398171,244702,208116,8122,329049,45,8122,548802,437848
90,1918658,493442,8058976,5646876,615692,205833,1105400,1973096,NY,945426,169815,394356,381255,460995,467759,196180,460995,680422,457229
91,3098816,2528303,6346959,719840,992084,130249,2402891,1732350,NC,1045562,113958,764169,167435,175433,248271,376032,248271,1542333,278589
92,1566758,1433339,7399332,4399235,297379,93588,582269,626824,ND,1181406,589899,516766,74741,70653,910,188822,70653,1447588,507039
93,3797765,344349,7851394,3709280,375928,606231,1637760,1343555,OH,1120090,442798,15922,661370,376630,54038,453597,376630,1575958,401590
94,1093854,2622336,8374905,4658715,10873,675589,2111462,117272,OK,1592497,482528,256041,853928,304857,37893,175597,175597,312133,47295
95,3859870,365412,5193615,968333,14307,824098,202641,618894,OR,1597494,659162,268403,669929,31913,484940,491725,484940,812424,633101
96,4989446,1052640,9939415,3897329,746394,173566,195518,1003631,PA,1289800,579161,624624,86015,436863,28028,461111,436863,1517782,337521
97,571779,2850769,9615596,6193048,273693,89494,503564,328046,RI,2173070,707565,686997,778508,258152,406336,276074,276074,1485647,32797
98,1005673,133214,5699767,4560880,119184,524971,1916906,869442,SC,1248635,336252,142025,770358,383764,421131,460295,421131,695391,375803
99,1541997,2123302,5828523,2163224,230859,578077,1381522,1829688,SD,1901983,941365,145807,814811,386590,437158,168885,386590,1546574,39915
100,4270911,2359498,6267936,-362473,481255,619307,1889703,606736,TN,1506404,521422,279772,705210,379456,332751,351024,351024,1136369,117240
101,4167477,2624780,6072898,-719359,702804,292022,674367,1330711,TX,1623750,904865,37398,681487,495783,207412,448139,448139,1748966,776038
102,3627632,2953613,8633727,2052482,450953,58587,1997448,1046069,UT,1867600,468567,645160,753873,333671,411935,467915,411935,672898,771652
103,4935788,266105,5150107,-51786,217663,107127,1629534,1688229,VT,1432101,338228,113961,979912,61160,429233,69828,69828,1734276,83867
104,1000783,613372,8741221,7127066,868808,752928,298158,1127057,VA,1443049,132206,320936,989907,354768,64811,293449,293449,730110,101277
105,1371384,2421796,8049175,4255995,539441,128391,2160647,418317,WA,1616048,375780,803487,436781,189814,127284,411134,189814,1247186,733947
106,2071670,2689251,6249374,1488453,231102,256250,1940111,74283,WV,1745797,348589,864997,532211,222156,314568,437801,314568,641373,800828
107,581428,373198,8504397,7549771,142017,815541,1625135,433233,WI,798669,53107,38924,706638,244222,465996,205836,244222,1161662,117228
108,3109922,727088,8923706,5086696,418407,210861,1012066,196920,WY,1738450,463488,788004,486958,359002,157288,365851,359002,1904343,627215
109,2428904,1325936,8585642,4830802,938628,356502,645662,1088072,HI,1452442,869831,301444,281167,123320,455946,47416,123320,954287,320060
110,4672930,740361,5441383,28092,841262,248250,152411,711264,HI,1599694,684396,616416,298882,40322,419953,298392,298392,1049257,277911
111,575067,2313590,7066253,4177596,630704,610399,2185918,891859,MI,1722327,334518,597897,789912,123243,323312,164781,164781,1428745,795719
112,1680204,2849760,9337392,4807428,989280,13302,527496,1947652,MI,926725,233988,254003,438734,460502,253911,113992,253911,1110087,771454
113,2390256,2549150,6470089,1530683,467251,910149,2313965,1443005,AL,1481429,59270,892966,529193,6485,106729,392194,106729,348115,675975
114,614348,2649529,7716155,4452278,172121,676947,1186498,1348982,AK,1574042,779139,293193,501710,388396,267028,261422,267028,1017973,699797
115,4067074,2836035,8209673,1306564,283782,874725,2444178,1433669,AZ,2105525,472784,762707,870034,487169,448046,348848,448046,413592,311632
116,1784629,1120290,9603063,6698144,872243,971145,1979756,199850,AR,1284424,477371,568167,238886,433512,318349,422910,422910,57847,387659
117,2551921,326245,8769826,5891660,32153,608149,2041445,1396633,CA,1091964,109443,119172,863349,88294,331453,128718,128718,1734376,114475
118,4885231,621509,8286137,2779397,49084,592894,552218,1144398,CO,196811,16141,90552,90118,117584,1901,302675,117584,1459404,282332
119,4755042,230430,7465726,2480254,680593,439681,696171,657575,CT,2084719,571017,787945,725757,83339,347229,221835,221835,472990,429759
120,3380352,710706,9193617,5102559,325453,306984,1704657,1044776,DE,2101745,387239,933314,781192,416432,472102,418823,418823,319290,852945
121,2509782,2085299,9250353,4655272,926271,189319,2187912,701011,DC,1949915,947021,348990,653904,230874,456557,345393,345393,621273,69876
122,3747887,917581,9051478,4386010,771269,889538,1160990,303306,FL,1462804,239013,790271,433520,96441,104818,343473,104818,1229960,343492
123,1031153,1041496,6500090,4427441,571949,46646,1662259,1875174,GA,1645070,818061,233492,593517,251498,371431,198978,251498,1956436,597456
124,3242859,1081152,8549023,4225012,443877,160951,383877,999082,HI,1207762,223851,952070,31841,838,93169,63274,63274,1973507,969567
125,4319258,2134486,9834216,3380472,282625,4530,610269,367823,ID,1808553,856269,926874,25410,18014,176716,133530,133530,950049,679448
126,4976135,2935902,5393124,-2518913,892974,914109,1695259,316424,IL,1432878,699564,641234,92080,284022,317733,24091,284022,1515943,176524
127,2109747,635754,5691039,2945538,674477,422988,704580,563143,IN,1058357,219561,231434,607362,343271,231494,126544,231494,1148064,534605
128,782652,680786,5871157,4407719,998654,764279,1715689,1436584,IA,676183,271499,142276,262408,404236,331519,455147,404236,942535,874088
129,4518459,2696896,7747944,532589,502800,412273,490954,244521,KS,1815840,839814,235141,740885,98854,24505,46549,46549,114326,940766
130,1901609,1409171,9293042,5982262,521774,916438,1681971,1917668,KY,1828372,333547,863827,630998,18183,278684,183702,183702,1502192,688254
131,4083211,1264573,5158267,-189517,847716,316764,2296633,507258,LA,1742195,641311,274926,825958,355475,483468,184753,355475,1701769,216598
132,822365,170,8703817,7881282,153463,258026,1855882,1635182,ME,1278223,17974,883278,376971,460554,407437,12174,407437,765577,868755
133,2157750,2439855,7094950,2497345,398735,514731,2495330,1194680,MD,1247044,210192,843306,193546,346896,249928,351967,346896,103910,278724
134,4758151,819635,9450261,3872475,203519,282004,1572190,1137480,MA,708874,57386,270788,380700,173518,67398,386276,173518,1244035,157612
135,4129594,2770335,9976330,3076401,921199,201769,902392,1212269,MI,1628203,763868,42394,821941,159675,2733,52607,52607,906765,325594
136,155793,2240869,8758279,6361617,805265,491118,2059737,1542335,MN,1783737,431380,997690,354667,148341,165196,122248,148341,1612530,202286
137,2990395,2802675,5912137,119067,142239,669839,687306,1298749,MS,1178829,592199,335257,251373,256427,277385,479196,277385,133636,996394
138,2475738,106801,5870959,3288420,920779,230851,1362939,1764491,MO,654450,74999,104640,474811,114558,80340,465552,114558,1276333,224908
139,1016705,539601,7030342,5474036,161247,919843,1012363,583540,MT,2251748,647390,776496,827862,457577,174274,270091,270091,1934509,909809
140,1709354,762025,6892561,4421182,130704,136803,2414731,1957848,NE,960631,467672,155983,336976,123946,346095,423320,346095,1564998,399570
141,908822,1874895,6729174,3945457,912635,470309,1626472,1479093,NV,1905408,595948,989319,320141,30417,18672,108837,30417,1357897,466710
142,697516,2920161,8673782,5056105,803198,832265,1780546,1467189,NH,2156273,975676,825942,354655,174904,422977,234817,234817,1752864,373564
143,930973,499368,5990751,4560410,157903,683488,1544547,1811357,NJ,1543382,544536,733138,265708,110792,147592,112325,112325,1192787,521178
144,1473006,1195554,7491575,4823015,207420,652851,1832092,1020145,NM,1942622,984580,804475,153567,236316,319975,393367,319975,1823282,678487
145,1752331,968774,9855836,7134731,698249,667664,1454175,859613,NY,1673500,582380,671678,419442,79517,57101,72472,72472,908832,9515
146,3317365,1592850,9305231,4395016,609847,861243,1823562,1029620,NC,1446249,896820,383827,165602,384523,180609,417783,384523,452102,263660
147,1029972,2879542,9041762,5132248,65981,157543,405831,334274,ND,1216749,356093,633723,226933,288280,442368,283331,288280,1170271,745392
148,4264782,2504547,5675579,-1093750,141135,96005,421761,1573124,OH,1037883,179538,330944,527401,152701,201446,260698,201446,1806304,275979
149,1975604,1932052,7666968,3759312,127105,328133,311271,846711,OK,1664857,760689,692300,211868,244719,109909,250907,244719,90476,89246
150,153901,2279402,6382153,3948850,707917,775906,1076883,1464747,OR,2241829,637430,648247,956152,454808,406693,396816,406693,994552,67855
151,2147104,2874134,8799815,3778577,626331,671957,423427,1511188,PA,1846939,729490,621068,496381,442045,83250,320766,320766,1893094,765648
152,3963273,1467982,8138440,2707185,205248,740068,2481713,981878,RI,529287,51460,246990,230837,360687,185,489532,360687,1423514,103206
153,4341660,807837,8646459,3496962,933209,345132,1988544,1734421,SC,765728,36981,324876,403871,410147,331083,87138,331083,816264,861745
154,3894735,562589,5519663,1062339,669300,226350,404458,206288,SD,1518128,760210,361248,396670,230860,4,70465,70465,1270808,726165
155,2583077,2088603,5763269,1091589,611394,696460,2730,1224859,TN,1036165,793084,125909,117172,492011,286179,163162,286179,1865847,903123
156,1458713,2117445,6325285,2749127,176636,824675,1119788,682368,TX,978366,630389,153872,194105,277509,367875,364702,364702,1797182,632320
157,2937098,371980,5255017,1945939,892061,16824,2401915,884102,UT,974220,260007,618906,95307,486287,149811,360491,360491,1434279,81501
158,2876523,2390661,8656133,3388949,191575,433110,1173579,438459,VT,1762775,514685,975721,272369,288527,439994,334670,334670,428750,402487
159,819508,2999227,7209124,3390389,453250,92641,321545,338881,VA,1262587,675910,282007,304670,406278,377450,449116,406278,751138,811033
160,1885038,2630092,7484658,2969528,48035,694837,2120433,1654792,WA,1353938,4801,563447,785690,293913,204672,199044,204672,97803,661355
161,2089911,1082754,9781398,6608733,29977,895797,671093,1063724,WV,1133607,740454,310459,82694,218306,73062,133270,133270,225432,848374
162,2195795,1492246,8038644,4350603,794841,796616,1410332,329155,WI,1994093,855781,471433,666879,31271,407809,295590,295590,610135,885951
163,2578446,2479511,6931555,1873598,859935,944988,2024127,675104,WY,1525553,239979,827236,458338,452207,203753,455677,452207,1604659,468723
164,4231529,268964,6104138,1603645,699819,689117,1655933,205415,CO,1268213,162649,407454,698110,452972,373633,287922,373633,1626490,381464
165,3095891,2249202,6037148,692055,21096,651780,545709,1332180,CO,1513709,863157,29549,621003,164625,491390,270750,270750,540609,50787
166,2217954,2844048,5977478,915476,849067,70554,906805,1898708,CO,2089425,409116,901293,779016,155623,271939,260015,260015,1832251,37327
167,4318906,548307,5795054,927841,866472,607891,1841880,1148572,CO,1179347,274778,851660,52909,142453,331011,228657,228657,476992,317133
168,785848,517739,9380222,8076635,288355,59429,710300,1322998,AL,540919,183374,275666,81879,229429,417435,142638,229429,1280625,840287
169,3146935,1102818,8490002,4240249,210436,396450,320906,496047,AK,1368281,490786,213140,664355,366925,13729,104137,104137,1983584,902683
170,3885723,705990,7932409,3340696,170236,327469,1323863,1172523,AZ,1607201,666899,407117,533185,203417,283549,443735,283549,12809,442083
171,4192178,777018,8855312,3886116,992279,865414,1697229,1689496,AR,1174711,200701,940845,33165,283915,235977,202483,235977,1668347,451203
172,2342371,1161874,5372759,1868514,537039,985531,1881179,1556475,CA,1132261,49699,601282,481280,3108,406022,232419,232419,1381934,585606
173,3673291,798875,7430083,2957917,101783,424862,1412100,1095601,CO,2806873,865457,955863,985553,325655,157892,491008,325655,1925345,149377
174,2866643,2014508,8292901,3411750,604509,660028,1784697,97978,CT,1300993,337841,723316,239836,123175,403945,316579,316579,1547367,821638
175,2310836,1153520,6868455,3404099,578882,879095,1248223,744816,DE,1567698,210550,647844,709304,195585,195635,497787,195635,1547472,389176
176,865357,585164,5211614,3761093,764763,434052,1774418,1119007,DC,1220353,132262,852620,235471,191026,196277,56701,191026,322446,888691
177,435210,1491062,8915604,6989332,550292,600115,1839010,56884,FL,1437469,329013,541312,567144,314034,129232,189621,189621,662277,322447
178,1464265,514485,8655840,6677090,676599,956734,1166003,757641,GA,1362152,649707,678151,34294,437733,36865,407591,407591,1367255,416786
179,4149826,22825,5008034,835383,5951,312761,1523630,25967,HI,1812298,810378,463266,538654,213179,11511,494668,213179,779293,439232
180,1898777,362618,9832726,7571331,715202,165131,50158,530658,ID,1159636,512127,406378,241131,39565,358126,192109,192109,1914467,900111
181,4437537,1761130,9337053,3138386,550892,878278,24766,658400,IL,1732371,239098,584723,908550,42396,305621,313157,305621,1941100,606539
182,862188,983335,8117282,6271759,906025,70217,2066484,1262446,IN,1611384,682223,49094,880067,68921,250273,148612,148612,1676731,349726
183,493559,413531,7101787,6194697,452376,142569,2372276,1666278,IA,1907382,732751,248120,926511,216162,278554,121443,216162,895875,440350
184,689882,1216584,8192446,6285980,973447,507225,659964,1586128,KS,2216657,515609,829290,871758,353434,273718,182841,273718,505463,397537
185,3024570,2311890,9599917,4263457,604188,184403,1268643,158558,KY,1068653,165936,633311,269406,255250,168185,233766,233766,1920068,268326
186,2089401,1336540,8173816,4747875,601236,795413,836500,1387011,LA,206742,171047,7414,28281,338682,35957,191452,191452,1078062,128012
187,3168392,2128048,9640109,4343669,386959,649545,933275,1190261,ME,1747188,75280,823277,848631,135346,158603,241005,158603,1942130,546884
188,1548555,1461312,5786195,2776328,720241,260296,1814625,292307,MD,1713912,675409,669371,369132,379532,315338,489878,379532,366578,92060
189,1372398,1373226,5434673,2689049,660300,169245,2122487,1323655,MA,1317398,211765,177041,928592,438365,155128,425354,425354,1244188,509719
190,1398368,1628197,8398078,5371513,932875,291943,611786,701359,MI,903678,27290,174034,702354,93737,106332,151789,106332,1472828,415938
191,4689021,1775245,9949510,3485244,138350,897115,504346,113259,MN,1576651,929906,321464,325281,180189,63659,461984,180189,396386,498373
192,1326739,2069067,8496246,5100440,407038,165833,426348,1967883,MS,1471325,868068,542587,60670,432053,152980,347198,347198,716849,206731
193,2128188,795127,5705612,2782297,870939,78894,999824,735244,MO,2113157,912005,548004,653148,152098,218546,325056,218546,1229185,219725
194,3089373,1891201,8421809,3441235,224242,218178,1849162,1227710,MT,1991373,112813,996233,882327,230897,214004,444248,230897,498029,779146
195,1052642,2557511,9928352,6318199,774844,514153,1765392,811073,NE,2236155,524717,791119,920319,467431,460187,397699,460187,828150,383467
196,1354681,385816,7408330,5667833,182043,110106,1402154,1602816,NV,1340209,602905,241096,496208,450193,15023,367506,367506,328077,300502
197,4806833,493252,7911996,2611911,636711,748121,1390740,1576503,NH,1442002,944410,234813,262779,128896,269135,140587,140587,735388,116768
198,4680554,491094,9207542,4035894,359003,787929,802390,1791458,NJ,2025177,205729,988862,830586,117347,490681,157401,157401,1531141,311153
199,4400909,2985336,7002451,-383794,591462,973860,339595,582505,NM,1363656,347894,256946,758816,43827,307532,19014,43827,1715196,525805
200,3148714,1082259,7121393,2890420,640048,431648,584197,1133820,NY,897849,757006,125784,15059,336306,491792,345402,345402,322281,466324
201,4207537,1899908,9549259,3441814,773822,230949,52362,1802043,NC,976249,221328,621836,133085,42985,497024,252777,252777,953836,385457
202,3571249,2494132,5488002,-577379,362989,324884,535932,1459228,ND,1697132,188884,999057,509191,235733,296136,391968,296136,1992910,929149
203,4219679,2812052,7034164,2433,853449,653948,1757645,1281474,OH,1324015,129966,974508,219541,477852,212774,463569,463569,652489,764109
204,756623,630227,6859667,5472817,948548,796619,1507694,550410,OK,2467610,992527,529790,945293,440072,328667,165892,328667,355311,534043
205,3577230,2302462,9515350,3635658,527678,7181,2276187,1176082,OR,1682274,680293,944283,57698,4281,101107,381265,101107,1957130,872970
206,3930867,1721997,6539403,886539,619700,581137,2022069,591499,PA,749948,107575,77884,564489,9853,483076,208283,208283,1315348,554057
207,3854446,213061,9023792,4956285,305957,640927,698160,837436,RI,1859358,517850,637736,703772,184898,173583,95680,173583,1995520,633182
208,3623606,2273309,9164690,3267775,225037,252201,1241555,848972,SC,1656601,546582,699024,410995,209109,175326,61764,175326,1101694,98029
209,2602790,2097836,6355756,1655130,186607,438436,1059249,1634740,SD,856872,165194,672140,19538,178967,308477,99761,178967,213983,885043
210,536706,2966222,9907945,6405017,968675,54776,53885,1543963,TN,549685,489017,9213,51455,203681,461380,279459,279459,336050,588494
211,378459,2648788,5469598,2442351,517050,13426,2292681,1208137,TX,2446384,740873,769537,935974,252028,314681,152330,252028,1167756,893090
212,2817895,716340,5643183,2108948,279679,530663,890987,1703184,UT,546730,983,254958,290789,217650,306277,240387,240387,60624,576334
213,2819864,1789863,7466700,2856973,965072,633735,72883,771221,VT,1808807,947778,434277,426752,130157,34756,17019,34756,876305,405053
214,4905074,2648113,9348128,1794941,736726,574450,2239621,1689059,VA,1578376,463868,655436,459072,295299,327339,25471,295299,887680,395919
215,2304922,824765,8429972,5300285,834933,190714,1663001,1435475,WA,1160521,401103,422446,336972,227446,316716,422011,316716,1125977,968436
216,1035781,947010,5560026,3577235,263780,27209,375411,1030779,WV,594965,93083,489583,12299,60201,17785,376907,60201,762869,611396
217,4320478,1276289,5434222,-162545,506930,965221,1426737,691344,WI,2326771,939658,977672,409441,20583,198242,332893,198242,620496,896717
218,3629211,2245311,6902686,1028164,669929,846792,90283,1376866,WY,1429588,913265,245280,271043,399416,278918,395760,395760,521842,722597
219,1976369,1950112,7403851,3477370,618809,205156,2376132,1611380,TX,1531997,603732,922659,5606,256796,456779,244168,256796,1291984,200731
220,1092804,1424703,8043437,5525930,693251,389109,2033,144755,TX,1591380,827489,475356,288535,150527,434023,55307,150527,1968944,173623
221,2284190,1442982,6059949,2332777,477040,556626,2121107,1580915,TX,1532098,2817,606258,923023,357412,235311,157420,235311,1582581,617398
222,92401,2008721,6437267,4336145,644406,784407,106319,1533360,TX,1878876,689624,716375,472877,142705,217845,328731,217845,219483,652034
223,2658213,2824962,7157009,1673834,37915,29862,1335590,842251,TX,1928790,169479,820653,938658,147251,263765,466749,263765,1162254,362484
224,3903305,2705470,9471770,2862995,272666,276057,2029794,369157,TX,1323148,245598,87521,990029,168602,279365,104158,168602,1827452,223419
225,2448911,2356490,9341123,4535722,919094,851785,2087614,1850340,AL,849119,193243,419803,236073,159616,188043,166354,166354,1886569,988770
226,545320,1109566,7414684,5759798,471880,856704,847985,84242,AK,1331493,34619,562005,734869,37755,121764,321789,121764,490834,272383
227,4163019,2615398,6677022,-101395,69672,831533,1510155,1988904,AZ,1770327,465592,703474,601261,352265,480301,1738,352265,684392,734265
228,2217700,2967851,9797621,4612070,877894,198871,1365456,434558,AR,856347,517989,321386,16972,164269,255862,112676,164269,1790459,255892
229,4658378,2611913,6075345,-1194946,41885,704534,2074943,965644,CA,1471768,237253,407613,826902,45925,104898,171688,104898,262899,813718
230,1886312,1957645,6540329,2696372,831625,936293,2485139,1392175,CO,2496081,979254,996446,520381,5989,226844,127986,127986,1949848,575043
231,2666997,223729,5825055,2934329,752406,471859,244913,251904,CT,1856631,701298,906152,249181,64189,252260,427069,252260,250430,445986
232,1622077,307954,6990947,5060916,743538,59180,573406,436180,DE,840516,279951,413257,147308,68583,405633,474556,405633,236318,956892
233,2286832,2457993,7795467,3050642,888228,836330,1786782,561229,DC,2827781,974026,931354,922401,276004,267840,11546,267840,1642077,140848
234,2359609,139349,5955912,3456954,340923,496454,110734,511621,FL,1063648,860258,49012,154378,164718,230069,277464,230069,1557740,762879
235,4201718,2109252,5071858,-1239112,598,736956,791570,1696097,GA,1838095,973501,721791,142803,174405,346963,334552,334552,606282,951343
236,4502909,2412740,8018385,1102736,100922,638045,1264048,1834516,HI,1891238,818591,213860,858787,140900,240044,237765,237765,1383119,431857
237,2038771,2474256,5750848,1237821,1293,343054,1953022,469819,ID,1961572,362598,756581,842393,416651,151715,464538,416651,644464,992694
238,1386390,1411304,5291037,2493343,730590,356244,1146759,1055138,IL,917084,10663,735786,170635,140691,97672,107233,107233,983787,737656
239,1723683,2832427,6179598,1623488,965949,927017,390076,705200,IN,997886,301220,490000,206666,377421,440562,378662,378662,1827661,779957
240,3292624,2617806,8694870,2784440,356876,665851,75275,672732,IA,1260468,56485,727143,476840,278345,104606,89766,104606,436689,691182
241,1189086,590736,6741685,4961863,351827,143947,775576,1550116,KS,2208017,639727,691072,877218,136003,483736,355408,355408,1204048,218317
242,149494,2913841,5689415,2626080,418569,235678,2426085,581434,KY,1780683,985280,206191,589212,150299,318074,370702,318074,1638258,209049
243,2048393,1633034,5311364,1629937,856579,56788,731613,1331059,LA,1873660,905211,334375,634074,407353,169015,448639,407353,1947967,616482
244,60228,1532483,5664920,4072209,459748,358415,162500,264419,ME,2346386,834641,818065,693680,385462,355132,170423,355132,11822,567515
245,192151,1768149,6978668,5018368,288647,516543,539217,562535,MD,1545756,391049,869555,285152,230182,456683,258336,258336,986725,330592
246,324729,1347583,7217994,5545682,704088,431312,1547281,1766716,MA,1821997,914614,552746,354637,313121,473233,271576,313121,1406145,524943
247,843769,2167889,9872022,6860364,409450,441467,287064,552644,MI,1898658,605469,946864,346325,186839,71754,387627,186839,882662,736044
248,3447549,1478232,8425664,3499883,214014,612031,1930015,73904,MN,1348569,487166,773460,87943,408323,384821,194216,384821,1131955,517585
249,4632381,465766,6804792,1706645,532570,450757,1337184,696233,MS,1905189,365760,579035,960394,431936,83465,65963,83465,1631349,117487
250,896011,2778262,9297600,5623327,574729,461421,1741272,1484501,MO,1669200,9356,688490,971354,286588,13876,230287,230287,1355420,267586
251,1611297,1015283,6637674,4011094,422558,626072,1995725,1550689,MT,1787779,374224,550057,863498,445629,358671,377692,377692,590300,512650
252,4074191,2725027,9778105,2978887,477367,523911,1682605,955455,NE,1273530,35607,559383,678540,82450,278262,440111,278262,1914437,660263
253,2856710,98022,7878202,4923470,498047,65684,936411,461754,NV,1770762,280959,917917,571886,304747,158920,243467,243467,367733,476923
254,3779630,211824,7588559,3597105,738842,468964,845208,177193,NH,1151379,261494,648401,241484,316239,15797,390306,316239,406335,52113
255,3896936,281043,6714143,2536164,77517,211794,2038645,526074,NJ,1685556,247453,892711,545392,391869,72717,273416,273416,1302069,429067
256,2817142,1056108,7785652,3912402,826006,707991,1521719,600252,NM,968240,438367,231582,298291,218491,282152,75461,218491,44477,410889
257,2833332,678547,9954137,6442258,353195,252408,409972,1090931,NY,1079874,847658,19290,212926,395081,386798,380743,386798,1054531,43611
258,577752,2244805,9808872,6986315,81376,162425,1551258,1588269,NC,1929621,576897,785927,566797,251873,347605,144023,251873,1835202,179730
259,2783306,54318,7053241,4215617,116653,823193,1313417,616987,ND,1695351,565157,959461,170733,70867,30003,235366,70867,94112,574775
260,236325,196880,7265846,6832641,458997,606933,383388,437739,OH,1838018,701107,694209,442702,88424,476817,324954,324954,1990156,644487
261,1757901,2516216,9939886,5665769,220686,478171,1835603,404038,OK,1254678,644144,576902,33632,450608,393283,5201,393283,1433515,936798
262,1373622,2119171,9469147,5976354,767573,775500,1580583,233913,OR,992188,751201,512,240475,210950,282246,49508,210950,1531456,79270
263,2707185,2452442,8057120,2897493,756230,645070,809302,383625,PA,781214,58839,291274,431101,463352,391536,345619,391536,1236498,285128
264,3972490,1169306,7378067,2236271,867099,258814,141798,785672,RI,2180614,878599,461926,840089,253103,485875,289725,289725,945101,387502
265,2131013,2616024,6787132,2040095,680093,386722,176038,725377,SC,1372982,143291,562157,667534,188430,200024,276659,200024,1918680,623339
266,1944454,579367,7127506,4603685,391551,371321,1793205,1697911,SD,854763,677692,87952,89119,65995,394209,150441,150441,819940,836365
267,3373673,1793861,5107968,-59566,174808,280689,426510,1827259,TN,552748,237394,106234,209120,99083,285914,349682,285914,1263397,58922
268,2418371,1281634,5313267,1613262,126758,597024,1845387,1706837,TX,910473,195458,485132,229883,161175,479382,350778,350778,332049,631345
269,490816,1903358,7052163,4657989,624081,912280,44635,914505,UT,1804089,430678,655700,717711,272107,157693,101509,157693,1625007,253252
270,1683906,2283806,9478557,5510845,908403,620789,327393,1148338,VT,1342008,419380,36418,886210,172003,163326,343,163326,1185482,55449
271,4058196,472669,7554305,3023440,897370,567624,1661548,1149800,VA,1107897,884130,125647,98120,290773,367641,311576,311576,421655,442118
272,239626,2877122,7886150,4769402,262908,303639,2233455,640767,WA,925830,90873,482057,352900,170666,248984,253976,248984,1045036,926021
273,3230790,300740,6326423,2794893,42828,172026,539726,563450,WV,1664414,662348,974866,27200,202157,35899,3854,35899,1020494,721036
274,4898041,1029340,7908730,1981349,769474,383087,1840912,1994845,WI,1489388,828810,403177,257401,116216,346917,251254,251254,689864,600902
275,2472788,1711199,7995091,3811104,714505,139664,16579,13316,WY,948324,345790,476368,126166,256209,94586,499738,256209,572527,954828
276,2207739,873908,8636094,5554447,939794,381258,2292240,837097,CA,1060474,547963,254171,258340,480732,12131,475299,475299,747023,910693
277,131071,118492,5474384,5224821,430478,916754,1301075,1818292,CA,841418,100698,435451,305269,165338,191747,200513,191747,1507345,479714
278,1173249,1440468,9830085,7216368,418935,453043,2181321,323309,CA,1310506,295434,202704,812368,64581,243263,197909,197909,417389,607473
279,4605060,1604272,7390247,1180915,451324,82856,1002352,1091691,CA,1769908,524804,624895,620209,161174,88881,268635,161174,713240,49761
280,4565973,58609,9142190,4517608,644102,224900,1763013,633586,CA,1133007,147704,411283,574020,386462,231763,31323,231763,849292,12792
281,924252,2115446,5171508,2131810,872228,68298,1864213,1217978,NY,834914,47710,654782,132422,406169,248993,445238,406169,1560973,480300
282,728614,1508504,7463816,5226698,296601,5850,2330039,1783052,NY,2241811,711879,787984,741948,413680,140770,383071,383071,1640216,38873
283,813399,596451,9075451,7665601,950949,262648,2394928,949402,NY,682943,49711,187951,445281,423430,108530,335412,335412,387455,932832
284,2384223,1596957,9318301,5337121,322725,615033,1685864,595751,NY,552965,378829,78327,95809,140705,468550,257933,257933,74441,728138
285,2120430,2665704,6653458,1867324,537540,600699,846972,1211865,AK,1075909,163300,315701,596908,390152,211330,374919,374919,796293,931341
286,3474302,2259709,8573723,2839712,56139,47457,2416996,65109,AL,2119100,180469,965379,973252,39330,473521,248976,248976,444969,674583
287,1693508,270067,9756621,7793046,918394,147596,783367,1852581,AK,2026327,737866,870515,417946,20353,257002,423309,257002,95314,251853
288,2537137,2370100,6918749,2011512,712989,558671,262357,66001,AZ,1222581,635620,386626,200335,388321,168401,2817,168401,583788,272081
289,3547871,1827103,5570974,196000,65295,850896,1607084,1877621,AR,1950910,608678,531603,810629,120014,334760,325671,325671,1486934,319018
290,757780,946772,9544584,7840032,832479,545778,236947,1783598,CA,2084402,328924,896785,858693,52023,28594,373973,52023,195395,332495
291,77776,146657,7206622,6982189,130201,700872,2055512,1528824,CO,1461597,61907,456979,942711,280959,247906,59412,247906,839735,823986
292,1999959,2326981,8383052,4056112,355273,477015,79245,699204,CT,1875638,645334,769450,460854,67007,281146,472871,281146,1903196,325514
293,4516966,682864,5780838,581008,330756,9404,482691,1179276,DE,1025172,46464,344363,634345,205766,115660,140866,140866,298714,567128
294,956421,2851674,6852239,3044144,494332,455669,709716,237391,DC,1766067,635080,563259,567728,330454,201683,483361,330454,353010,984833
295,3251722,1430267,5973388,1291399,808934,364629,369965,1875837,FL,1367556,295308,138628,933620,351932,62998,150846,150846,1151627,250311
296,4949194,1116846,7840297,1774257,6670,485451,1074454,514504,GA,1766669,117449,686223,962997,427669,433954,148848,427669,280934,2924
297,2087898,2728466,6774145,1957781,581968,190500,1262496,614463,HI,1387176,217285,837805,332086,338410,213589,331936,331936,870928,614532
298,4928861,967351,7885635,1989423,167504,534208,1565264,709870,ID,2176633,634145,585615,956873,218565,235707,476250,235707,56581,589266
299,4052958,2626031,5465620,-1213369,515919,204669,893260,251802,IL,1683957,153944,566036,963977,406887,126294,341469,341469,1841666,949440
300,63179,2448857,6913948,4401912,658559,492075,1896456,994584,IN,1886787,540086,567344,779357,411160,67799,137068,137068,1780133,555843
301,2557122,2785651,6422079,1079306,639882,352613,153576,986151,IA,1643913,520621,559288,564004,215010,8262,44576,44576,89929,915406
302,1945246,55955,7422746,5421545,947673,779659,1113371,1547866,KS,1685071,267789,968354,448928,419720,317986,386004,386004,368895,550901
303,4067586,439396,6484603,1977621,231324,920289,835729,1934748,KY,1164340,115854,942005,106481,73457,154225,443262,154225,838835,349575
304,4834063,241742,9503983,4428178,949787,207302,2210239,1422520,LA,1913730,812991,872659,228080,338067,374872,463075,374872,472864,914888
305,2898693,2382838,6906350,1624819,611821,783688,1451605,791688,ME,601978,147853,406125,48000,142283,344418,436397,344418,221391,865785
306,3600105,2541037,6249998,108856,104964,329632,91233,1063622,MD,1197232,369841,133801,693590,24759,235512,322144,235512,911376,41110
307,253317,2456846,8691640,5981477,491371,364338,1180234,1958347,MA,1475764,506770,285567,683427,382139,194152,105000,194152,1581141,744136
308,1569032,751273,8048257,5727952,509409,947321,2163430,1576873,MI,1948023,603209,887372,457442,178416,368249,89372,178416,1902758,335368
309,3403787,1270626,9873751,5199338,433220,29,983452,1514683,MN,1512266,875453,206811,430002,217150,349217,489397,349217,950925,722437
310,4492783,1433022,9250860,3325055,627501,940274,1655316,233845,MS,1666027,516408,298841,850778,186235,408609,194093,194093,1333552,688156
311,1668616,435653,7416832,5312563,903695,162908,319714,804602,MO,1010509,861137,7624,141748,216891,453282,16125,216891,1886958,683261
312,3263282,1324566,9608550,5020702,259692,491463,2083293,190993,MT,1475641,223728,422030,829883,50066,244242,228058,228058,1037825,80654
313,3157990,2789664,8506550,2558896,247917,597402,1366871,1823929,NE,1310805,816321,152623,341861,214019,150733,195259,195259,1518303,267141
314,1327091,2135984,6999498,3536423,85799,676643,1144240,882849,NV,2674261,978023,804127,892111,229044,123227,447802,229044,1483199,255004
315,4067186,854049,8189211,3267976,204606,981868,1545439,281040,NH,1613345,612323,237296,763726,8615,273047,452676,273047,1396667,403813
316,4079715,2443211,6484339,-38587,87609,354232,1565161,936410,NJ,2205363,745620,534834,924909,121325,234486,17862,121325,919549,703811
317,623768,719019,9018744,7675957,966717,415419,1571733,830592,NM,2191157,797278,614815,779064,330902,283508,256439,283508,1821957,446100
318,3075302,1251576,7375903,3049025,491012,68034,1452263,265401,NY,1765461,945094,160211,660156,486733,2456,225689,225689,1616866,480117
319,2308278,202123,8783985,6273584,369631,672717,2494386,1331412,NC,975354,111738,408174,455442,245400,422943,298082,298082,914270,172692
320,1414888,1199464,9328601,6714249,10983,197247,470445,1328330,ND,2230431,476636,796949,956846,383342,341641,208559,341641,782670,603580
321,2808697,1495786,5305216,1000733,178603,391807,598569,118364,OH,1854954,951564,844401,58989,147593,296619,169121,169121,350011,931569
322,1917232,2175054,6416073,2323787,816280,7442,1289168,152377,OK,1762996,90496,828925,843575,176350,321794,213502,213502,1583315,276132
323,3287832,1429156,8048944,3331956,933996,840095,1892880,1328648,OR,1157700,314816,510133,332751,370111,379528,462705,379528,633496,640973
324,1027347,2831694,9859020,5999979,577725,272852,1343620,168619,PA,2562547,960130,807904,794513,200875,129321,28280,129321,1715423,148468
325,4078699,2961702,8275792,1235391,411485,535035,628750,1166556,RI,1783710,600002,747592,436116,90024,30314,233222,90024,445591,237121
326,3730416,1317679,9940865,4892770,965461,321006,2458114,948176,SC,785117,133057,569911,82149,451703,449008,317469,449008,475093,780680
327,845385,588406,5893654,4459863,565138,778501,2070515,1577968,SD,2149404,925996,700592,522816,82946,106622,422773,106622,824533,673618
328,4677509,678105,9453674,4098060,702761,318211,1801388,1282367,TN,1517954,79864,703742,734348,270217,335575,166860,270217,327080,236031
329,4365082,2108559,6468934,-4707,748942,750600,1566081,158880,TX,849455,318138,181374,349943,421955,208154,499893,421955,1445786,717828
330,1982609,2757693,8816253,4075951,51758,2893,2465714,892605,UT,1545217,337233,942226,265758,467270,8477,421079,421079,1908588,869793
331,1796564,637397,5397231,2963270,636713,920254,1551080,1573334,VT,1610547,679042,694626,236879,489507,402144,499569,489507,1544395,478993
332,18115,1855918,9778823,7904790,175271,863812,698149,39138,VA,1175304,620580,247688,307036,445751,466486,415801,445751,1061330,642705
333,3582366,2405872,6303676,315438,189048,281270,1235596,1689895,WA,1524504,615177,772640,136687,254597,346423,318213,318213,752975,209233
334,1087578,139496,6459634,5232560,837561,267105,1809236,920079,WV,1763001,996587,757058,9356,41298,457997,285213,285213,17635,938460
335,2596699,1079091,9501006,5825216,463100,148898,1868986,779653,WI,1035152,517717,160338,357097,4833,72016,211652,72016,1247354,300364
336,3207542,4431,5354750,2142777,296970,630133,1039247,694672,WY,859295,167059,325014,367222,247335,281305,342820,281305,398903,823922
337,1272975,2924392,5861624,1664257,794805,953799,1528962,1004626,AL,2035198,372748,939080,723370,380255,388260,324508,380255,651010,80821
338,87236,1620872,9178182,7470074,347905,417790,1367610,281150,AK,1168410,571648,466689,130073,31200,467866,150065,150065,1993228,831612
339,4234983,1893056,7178539,1050500,987243,867219,303705,111349,AZ,741237,363455,30557,347225,103363,431802,393938,393938,363912,454163
340,1551552,1488474,8964850,5924824,886248,147957,1697360,720467,AR,1521384,675533,251120,594731,429510,158298,248644,248644,1652185,571443
341,1123780,2272880,5342789,1946129,382665,847427,118032,506974,CA,1379723,293403,632417,453903,399134,110131,145567,145567,706171,538374
342,3201463,1335637,9331798,4794698,548942,521115,40816,671158,CO,1008096,260194,673474,74428,73074,462371,447839,447839,1168702,321152
343,1365076,485483,9133613,7283054,584440,20107,1264722,1126460,CT,1513966,750770,372029,391167,410704,172468,8828,172468,347466,839223
344,4556765,1098084,7271371,1616522,619155,223053,358107,889100,DE,1819973,909114,497836,413023,42249,161438,189231,161438,1438620,528819
345,968752,2760501,9008108,5278855,754723,953845,306370,319951,DC,2395014,910884,967676,516454,83396,470461,8122,83396,559839,578442
346,1255558,1468343,6138029,3414128,919195,652658,335282,1575870,FL,1748370,728724,855234,164412,360643,323692,488103,360643,1197380,563667
347,1379239,268850,9173069,7524980,148553,48804,1930013,1826573,GA,1191701,226734,417254,547713,413393,493221,274211,413393,1783791,742498
348,2454629,60997,8699134,6183508,429774,929400,1432463,1206286,HI,1919234,747443,722068,449723,163661,116585,296952,163661,1354096,524975
349,69791,2244233,8321431,6007407,474205,804336,216277,594319,ID,1648716,766599,84636,797481,269239,156590,283045,269239,1133641,917595
350,985667,2263670,5585494,2336157,674714,373575,701299,1298947,IL,680219,396093,197756,86370,3142,309824,267291,267291,1751072,33827
351,1620999,292181,8975966,7062786,699764,962103,224844,1707197,IN,1682408,298633,762905,620870,498894,218549,203768,218549,891756,657273
352,2060834,2477151,6682113,2144128,638874,741769,635155,1409569,IA,986197,351439,3251,631507,463473,48925,210804,210804,544712,147291
353,778779,943078,6373566,4651709,195178,892022,499369,787487,KS,1739796,453252,306646,979898,454672,487834,11190,454672,140271,778585
354,3613254,1338183,7170482,2219045,18963,19800,559856,1806207,KY,1468918,935941,214147,318830,182995,472669,280357,280357,1338951,971261
355,1398319,2997080,9155457,4760058,776049,91337,1531245,1968266,LA,2226516,602245,945664,678607,53336,494023,314715,314715,601146,440158
356,1861434,252951,6755011,4640626,982791,488075,602463,1733975,ME,1871769,410103,504261,957405,5576,363897,314329,314329,1895208,158462
357,3407866,1576642,8038946,3054438,373735,320008,2123924,1725057,MD,979815,712623,235931,31261,241025,220390,351485,241025,1464042,923343
358,4509060,2456058,9748579,2783461,803037,957755,1372812,1912136,MA,1841273,743960,405730,691583,250632,288669,37549,250632,830187,388525
359,3789003,1960991,7911811,2161817,966577,662879,1692343,791239,MI,883051,355286,463217,64548,371694,210798,68493,210798,1648445,400984
360,721002,1555651,7070935,4794282,528810,589998,2180172,1420586,MN,1624433,405415,758974,460044,479925,295596,188207,295596,1535533,187113
361,4824106,2431471,9687422,2431845,800871,909718,587432,745675,MS,2409812,990423,619162,800227,153406,408796,438529,408796,1436549,14840
362,2334510,293023,6795290,4167757,874880,146980,2059947,813809,MO,1739410,784537,495992,458881,50823,254254,8878,50823,121979,68056
363,3475805,2727928,8308498,2104765,714843,271369,1067070,567165,MT,1441642,549351,178585,713706,432141,3398,9255,9255,1805695,849242
364,3394105,2393241,5672651,-114695,748911,330331,586823,503057,NE,1581388,146215,684264,750909,43638,161192,123297,123297,1456425,722402
365,2104615,1028065,8242613,5109933,687766,977328,1198154,818837,NV,1386122,135622,806674,443826,225876,182142,60229,182142,1874937,167406
366,1999789,2637625,7457054,2819640,951313,969864,1429398,46499,NH,2380414,695260,858165,826989,206476,462742,488760,462742,1056710,260360
367,2848830,913481,8100440,4338129,394433,359895,515933,611063,NJ,823919,293622,161403,368894,80605,261575,395089,261575,437936,769226
368,1248205,2571248,5586747,1767294,3712,532136,1826015,1212127,NM,2195432,687679,764602,743151,55565,442316,234394,234394,1054140,773407
369,1153057,2599377,5068199,1315765,981787,100022,1249962,1479369,NY,1649769,802742,726054,120973,459126,429973,348634,429973,1367039,54978
370,911265,1201453,7502162,5389444,279527,172140,1656438,1866891,NC,1932678,651343,683874,597461,434093,459374,308186,434093,376338,496499
371,1907814,515680,8914391,6490897,640021,601652,380992,655958,ND,1246072,884592,87866,273614,97231,497229,47286,97231,1114962,868879
372,3504187,1349257,5120813,267369,693088,889191,1037462,1744196,OH,1463032,491388,530509,441135,268017,206953,337304,268017,1357190,263782
373,462363,1436679,5492168,3593126,145063,876878,908198,692968,OK,1238158,374391,48284,815483,80847,395281,71151,80847,1514844,890562
374,804006,1059897,8628171,6764268,623450,262386,1584580,1403515,OR,1354307,69914,978305,306088,349562,413181,116419,349562,733304,907623
375,3591580,286796,8902677,5024301,778697,960582,2166854,92537,PA,1503976,804568,678989,20419,103467,258194,264138,258194,1636235,527200
376,11373,2886051,5862222,2964798,123666,717262,34760,1813262,RI,2231107,576975,854986,799146,48575,203472,297304,203472,425704,162563
377,3348312,1545976,6557184,1662896,316619,387910,848392,1644274,SC,1482386,165408,811629,505349,260019,492510,205151,260019,1382661,186739
378,438995,1236328,9825510,8150187,424112,578750,2347858,1034945,SD,795496,180738,528464,86294,480335,247267,59207,247267,894630,582985
379,839680,268263,5104264,3996321,602571,929658,2359418,1286502,TN,1642121,742315,18475,881331,368584,227257,207724,227257,493318,836596
380,480911,1096129,8970201,7393161,299802,618629,664660,43824,TX,1989469,804103,784092,401274,14365,396802,341369,341369,1147460,413612
381,1656680,1247783,6931610,4027147,925975,502759,1278740,690242,UT,1430544,239631,392962,797951,332403,63702,212828,212828,344945,954254
382,4293337,2199858,5739695,-753500,827586,262628,2132960,260715,VT,1341112,492931,718412,129769,357442,347192,371152,357442,1811299,113527
383,4114647,1791150,5806673,-99124,157637,534959,391003,1366528,VA,1302393,262305,996734,43354,242622,473555,400969,400969,1999313,575263
384,2644348,1741627,5149130,763155,917548,75361,1850832,1013914,WA,2389593,797227,740088,852278,72410,344382,232237,232237,738383,527024
385,3763041,729933,7748340,3255366,299171,711572,1543389,1875133,WV,828784,293986,398390,136408,192630,24309,324490,192630,538327,312645
386,2481930,356224,8565377,5727223,745084,437502,1564553,755779,WI,1168093,239624,156547,771922,74368,74461,211286,74461,636770,114916
387,1475000,1824757,6797257,3497500,698774,893705,338044,253035,WY,1782650,276477,540382,965791,484243,495711,315501,484243,595094,633707
388,1061723,1900615,9512223,6549885,514795,3129,1776112,997020,DC,1914599,753668,746875,414056,313835,472127,278223,313835,1364675,320178
389,1571011,2768382,5531320,1191927,48949,881343,111744,1317635,PR,2149137,484905,666835,997397,309352,302167,201518,302167,559189,973891
390,4271580,99379,5903378,1532419,228905,990664,2062404,896597,PR,1806633,425584,695565,685484,277149,176658,293219,277149,1874893,466725
391,1679450,2444584,6623046,2499012,386700,127012,1817705,642909,AL,1555415,657609,497062,400744,301322,13455,348659,301322,365803,801841
392,3027413,2726859,9886128,4131856,294962,162642,915376,556553,AK,1108182,155062,857265,95855,229091,197338,195022,197338,1941082,803004
393,3448202,127546,8574191,4998443,623429,328945,440551,1254994,AZ,843896,307463,79169,457264,35221,356455,9393,35221,573834,998551
394,467074,284802,7239349,6487473,955655,954039,1288600,540382,AR,793399,287282,16792,489325,206255,98076,440977,206255,150439,755832
395,1826835,1341266,7515516,4347415,164957,649873,1141110,1741711,CA,2079521,422286,917241,739994,413505,43108,498403,413505,508230,25659
396,4859912,1699689,6458159,-101442,202767,441696,493166,125856,CO,1961069,393297,982813,584959,142979,412007,442372,412007,47913,667559
397,3329183,590805,6492208,2572220,253761,57307,559764,1303227,CT,1017467,546634,353129,117704,203870,105562,295942,203870,935411,199345
398,1350919,596314,9130274,7183041,222801,800812,434200,698929,DE,1604540,709201,697056,198283,493729,2957,432931,432931,376459,49960
399,3113213,907534,9929337,5908590,420723,794939,789484,1720325,DC,957705,129758,640490,187457,356411,329127,326258,329127,1995604,933497
400,3968740,2932126,7524085,623219,141984,944294,835149,142135,FL,1167956,231132,131197,805627,457409,184066,352895,352895,1826802,374415
401,4016210,531431,7510535,2962894,914231,636634,1236358,1637226,GA,1326741,449613,321101,556027,24,98094,152127,98094,161628,523585
402,4491825,2401098,9531287,2638364,694173,463656,1188627,693792,HI,1178127,675648,24249,478230,487252,116327,496835,487252,136281,689482
403,734333,427227,6803793,5642233,691652,811024,2463362,1178389,ID,1046740,732921,106568,207251,279470,274952,464832,279470,543349,588385
404,4830109,2429269,6331534,-927844,602603,51831,1338113,483432,IL,1004117,416260,50509,537348,184407,98653,416198,184407,1004725,593708
405,2622986,1235818,5862786,2003982,469194,403332,374767,1552800,IN,1927538,863254,425661,638623,347794,413199,141927,347794,1878015,538968
406,2123623,538163,5447885,2786099,503284,695233,799759,1241686,IA,1768166,788342,61855,917969,257266,468076,348070,348070,353674,702797
407,1466063,2051521,5961892,2444308,199514,772461,344342,1639516,KS,1625677,762462,141850,721365,285211,471320,300160,300160,873196,572839
408,3663744,2699967,8579689,2215978,222224,719136,2118920,459572,KY,2271408,852235,510463,908710,394785,67198,287652,287652,66182,70344
409,3592830,2305322,5788787,-109365,118929,184634,1639236,182639,LA,1500100,462101,555941,482058,464687,71743,230813,230813,1005695,618138
410,777616,835130,8105175,6492429,764988,19730,1746782,1863900,ME,964104,12869,811336,139899,24430,132184,328415,132184,429881,185839
411,999330,388396,8931622,7543896,82556,554872,585770,1100666,MD,1803833,479994,533981,789858,310987,166518,380164,310987,1971704,826526
412,163528,1942583,5362943,3256832,807901,412626,1992661,207179,MA,1933035,518727,674994,739314,369688,414388,58340,369688,234965,951122
413,2548932,2816808,9359877,3994137,968011,165518,2480826,1540870,MI,1804265,139438,943232,721595,124135,431416,68507,124135,1354662,897568
414,3396528,2136364,6125500,592608,527580,936869,1367518,1085858,MN,997188,13039,198264,785885,390995,362333,255465,362333,1671850,744730
415,662194,1177713,7175589,5335682,1939,503309,2490255,1382915,MS,1350696,124270,892003,334423,94416,168786,394762,168786,1158479,750568
416,3209147,1533502,9833764,5091115,660280,146951,2381761,460050,MO,1852711,733517,896713,222481,403605,269356,470603,403605,186811,775374
417,551950,1359831,5599749,3687968,226043,202635,2396757,844988,MT,812809,194614,597731,20464,252717,404166,24951,252717,1145531,412805
418,3568356,1972925,5602943,61662,547301,771661,2027284,493128,NE,1519278,241380,677019,600879,97732,292456,411980,292456,12633,425676
419,1683007,582438,9886080,7620635,424909,104974,1485452,1815527,NV,2262781,601555,809506,851720,173400,365434,427002,365434,795085,577748
420,3566378,2172006,8634610,2896226,210907,898697,1925807,1670440,NH,1625608,592460,137266,895882,75257,249157,273113,249157,1204847,878937
421,877743,1542733,8284499,5864023,685141,231807,1973585,550442,NJ,802974,304573,485451,12950,8934,75506,6182,8934,290944,770077
422,2090857,886263,5550529,2573409,437236,716316,1906621,381261,NM,883060,191691,25865,665504,113554,118628,368449,118628,1337087,568463
423,2833206,143417,7330383,4353760,909762,96154,1384773,1782022,NY,1657511,710010,5253,942248,482267,277923,274447,277923,172358,4317
424,3326882,83489,8384638,4974267,87411,336137,748795,1150442,NC,1206034,668260,84950,452824,220379,378891,422447,378891,567720,98131
425,2137022,404486,9014646,6473138,459981,880521,1861244,981638,ND,2127214,899823,387557,839834,477184,298910,251431,298910,39794,625644
426,2978224,1819056,8555585,3758305,220072,776383,1936584,54802,OH,1540932,852695,128443,559794,188221,15301,418747,188221,1150083,565353
427,3409004,684260,7198334,3105070,776833,849756,1684993,1103113,OK,601904,4933,124756,472215,136036,309612,493372,309612,1760425,256824
428,721654,1762351,9306114,6822109,632537,257449,313585,48364,OR,1343506,363822,719259,260425,164414,180593,182744,180593,1542447,915579
429,4911491,801832,5273119,-440204,237729,727027,94766,1847605,PA,959917,129830,214237,615850,344241,427367,221451,344241,293626,828362
430,452153,1676882,8481096,6352061,619060,543365,237452,1272238,RI,2297481,473544,878873,945064,210086,258325,131967,210086,1530406,488392
431,3365380,2699091,9764060,3699589,222887,207818,749024,1792758,SC,2178659,971395,745262,462002,459895,486004,150110,459895,1543087,898690
432,1199567,1432796,9514731,6882368,364876,697103,242841,275608,SD,1706113,454376,814015,437722,109305,264817,396272,264817,1466359,495916
433,2248107,1471707,8120316,4400502,884050,98668,1406831,1163634,TN,1233859,128259,762987,342613,206696,302876,496179,302876,406911,883814
434,1884921,2429964,5119531,804646,554103,357854,438333,1184376,TX,1660930,445339,823115,392476,251352,120318,383302,251352,1548189,81368
435,3066660,211793,5978932,2700479,686895,226791,1131738,1036690,UT,1132354,315810,815579,965,49045,361953,153376,153376,1717129,712099
436,1049576,184703,8366481,7132202,545696,707285,621023,1798255,VT,611127,98054,104509,408564,339164,128651,26597,128651,1958174,994516
437,4626547,2490308,5701887,-1414968,870337,584136,1395959,729036,VA,836616,570434,67713,198469,326408,477890,191006,326408,1317457,9901
438,1281174,592062,5633869,3760633,720085,395688,1009951,1314913,WA,2421258,540388,981047,899823,217281,284176,433121,284176,300041,777598
439,1269843,1169504,6049018,3609671,317701,509482,1787596,136193,WV,1640710,230316,575041,835353,134754,436982,103011,134754,1582737,800593
440,2138315,1780190,8562136,4643631,278307,8564,2499527,1527152,WI,1188932,561585,480380,146967,141376,149469,355015,149469,26381,757032
441,128840,2666633,5051275,2255802,568779,833624,1782850,1123650,WY,1406632,413866,544833,447933,72289,321721,339189,321721,1321858,624430
442,3455440,169938,9469961,5844583,849116,11001,2258025,1337910,AL,1500506,626911,8338,865257,434066,469951,196159,434066,304432,949314
443,676042,1650694,7403891,5077155,527086,870922,1306943,252872,AK,1817801,923231,418939,475631,375365,394738,493661,394738,75243,259866
444,1124346,214512,8150472,6811614,517779,161930,2154899,1907324,AZ,1286312,99474,444204,742634,133092,459215,400283,400283,965410,81422
445,1282219,23262,9634989,8329508,658651,34563,1068812,221757,AR,1320869,363733,595035,362101,69897,141205,309609,141205,1678908,71215
446,4551617,1002504,6067504,513383,481626,839623,1057554,403632,CA,1456639,447993,179079,829567,392446,219410,139634,219410,510572,595141
447,4154204,2278174,7571396,1139018,530188,634552,996595,380778,CO,1855766,838998,271278,745490,59315,486415,36801,59315,1591570,734893
448,2071164,1463924,7145132,3610044,230266,907324,876298,1633107,CT,836462,105730,699843,30889,373131,262990,158510,262990,785239,404639
449,4066251,261467,5472719,1145001,192599,144730,2192454,1035160,DE,1295359,303797,724891,266671,352535,395529,461150,395529,1555069,960369
450,2019271,1133410,5931895,2779214,372334,524153,1870823,190298,DC,1551803,763582,30400,757821,340477,395745,87255,340477,9597,942697
451,3759661,1346431,7279003,2172911,313815,716605,397284,416222,FL,704385,221238,23226,459921,215394,321414,410759,321414,766318,402403
452,2277181,1832585,8268068,4158302,560430,280375,2000493,1808869,GA,1197083,146973,708472,341638,198142,122268,80733,122268,1747237,676955
453,2885136,113131,7625744,4627477,616155,747046,1560321,1618789,HI,1114409,210510,228609,675290,216628,482948,156409,216628,1541766,21122
454,2261125,1725713,6311234,2324396,262113,942126,1446859,852188,ID,1334974,221501,128780,984693,300472,432488,33559,300472,1395274,238639
455,2109619,1619178,9427887,5699090,55740,589856,2335504,866202,IL,917439,252592,43341,621506,311328,230690,193267,230690,874025,394825
456,3926095,2898655,5066394,-1758356,549400,357785,1855877,1717866,IN,1974913,926934,639989,407990,142324,241844,224801,224801,1769460,683344
457,4746611,1320052,7648104,1581441,636136,672934,253874,192339,IA,1846865,506563,977868,362434,288874,276609,478343,288874,1322841,715940
458,917379,334848,8317551,7065324,670220,731539,1586318,1668687,KS,1220581,389249,218040,613292,321650,398995,115143,321650,300560,135322
459,4664238,865002,9444665,3915425,410747,666080,1510545,757978,KY,1837779,958155,797587,82037,120847,10989,62470,62470,1781104,438119
460,102363,466496,7307388,6738529,543240,407305,582108,1867177,LA,1710090,655837,178685,875568,153567,363304,59484,153567,348321,974004
461,4575295,1938830,6612572,98447,785933,168603,1995292,195995,ME,1196298,256525,299005,640768,144327,473405,476164,473405,218266,194988
462,2562871,3714,8893661,6327076,410763,494219,158429,535132,MD,1444219,506014,576191,362014,214208,83963,318834,214208,381047,342385
463,277664,1319551,5152169,3554954,322780,344216,399154,45675,MA,1231213,534782,339121,357310,486153,250294,130563,250294,547547,433649
464,462059,204065,7709679,7043555,411259,449361,2224276,1543677,MI,2114060,886779,377201,850080,116078,307907,391905,307907,341027,150934
465,2026649,1448356,6399861,2924856,25371,214447,45136,1306082,MN,1897960,527540,411186,959234,396610,186475,489594,396610,685558,154803
466,2049498,538792,5832491,3244201,618060,802564,772483,934444,MS,1814515,552516,274296,987703,3028,193212,89551,89551,1344872,912531
467,1214577,1307780,9593368,7071011,390858,396486,1290614,115289,MO,941067,193188,236759,511120,100757,377746,220514,220514,52986,956904
468,202607,2177326,7817268,5437335,55710,559322,2286977,1088761,MT,1534803,81335,660991,792477,186217,139515,308668,186217,434507,874526
469,856696,224351,7100192,6019145,719847,296280,1841979,1919206,NE,977932,18036,948892,11004,37004,127749,457437,127749,1692574,560341
470,4933548,590880,8339549,2815121,834540,745797,192703,750416,NV,1582545,281464,983069,318012,150708,244308,283182,244308,855525,270159
471,4681243,79005,7343109,2582861,637264,943588,2265603,1513004,NH,1459170,929380,430448,99342,254191,136903,380143,254191,93238,476158
472,4320881,2127051,5089899,-1358033,267883,255986,1476998,816296,NJ,2464120,640386,886009,937725,34818,339461,110739,110739,51679,662296
473,3006622,2390985,7090905,1693298,819156,151849,2157125,1092336,NM,1671189,614909,424511,631769,92965,311554,247947,247947,864945,188858
474,3810750,1472840,9127670,3844080,543891,400371,1475014,1036982,NY,1420022,909633,91725,418664,67222,463695,286262,286262,1368507,68760
475,2076506,463265,9630433,7090662,378077,363965,2460090,614009,NC,1083808,247028,537762,299018,497491,56590,100210,100210,1346557,239566
476,1932767,2238350,5241930,1070813,262933,162902,323725,1794511,ND,1251121,37948,755720,457453,89244,191314,482325,191314,154631,854656
477,4517547,147570,5252936,587819,660204,78015,210349,1318389,OH,1207445,177298,696018,334129,118510,76402,353461,118510,812315,528345
478,3851409,1881270,8779791,3047112,470900,933992,1759307,141599,OK,609636,282587,177032,150017,252347,26321,380646,252347,917560,423879
479,3532723,1395114,6839706,1911869,638401,288794,1986244,497103,OR,1449014,360935,139453,948626,174780,388771,370611,370611,165766,484526
480,4897716,1260134,8962905,2805055,320932,899010,1691615,795628,PA,2388469,944095,582110,862264,305367,94702,244449,244449,559601,962427
481,3003170,2566916,9521848,3951762,861633,995646,1711005,856501,RI,1986849,951285,907208,128356,310053,298423,157125,298423,1956645,392593
482,2582162,2194424,6141341,1364755,423701,521697,971135,1896044,SC,1583167,467700,469031,646436,30533,144850,156668,144850,222295,684707
483,3919378,1643746,8918838,3355714,545272,875708,1827136,1435770,SD,1466811,295193,840118,331500,50525,396775,490342,396775,1665850,278937
484,3839087,2008154,6714370,867129,877623,784143,1235730,139139,TN,1033894,9843,526415,497636,461126,209741,190353,209741,1047951,244727
485,1224041,1647959,8312670,5440670,472182,599564,1301773,742180,TX,1454159,39864,636475,777820,252798,318052,395545,318052,1358113,690722
486,2621065,23627,6353089,3708397,538048,757979,2211865,1096173,UT,912406,323533,193330,395543,109790,88301,330601,109790,88623,974834
487,4925578,1013027,8176141,2237536,772239,197915,234751,1160496,VT,1752792,107331,983869,661592,311,342488,499417,342488,940801,439297
488,2548213,2968957,9952652,4435482,775185,934503,223777,1041508,VA,1831480,914635,429253,487592,471387,213486,90231,213486,364764,8440
489,4754259,2324841,5911147,-1167953,789509,404125,398164,1285177,WA,1758537,341918,901622,514997,161757,49556,157392,157392,875668,825380
490,2029252,2544031,7651047,3077764,58079,865284,236797,1672563,WV,1461540,298250,753956,409334,73436,89821,183755,89821,1066292,758881
491,3390002,93263,8998165,5514900,40391,607200,802478,1089226,WI,1445186,386420,497049,561717,434857,164574,110866,164574,832084,196070
492,2736772,294528,6872745,3841445,412212,759107,185553,542579,WY,997339,726579,42603,228157,132083,456655,6627,132083,29456,844920
493,1125499,2236493,6475071,3113079,495077,621147,757673,1187482,CA,1414260,694838,424831,294591,371156,187304,431919,371156,1505588,412008
494,1015052,809868,6389844,4564924,2437,498674,2455291,1418099,CA,1046338,644247,207276,194815,403061,265405,184855,265405,1750319,962105
495,4887109,1501938,5209915,-1179132,816239,132113,1200611,178511,WA,1641480,520171,912354,208955,58639,60864,164000,60864,1103519,627417
496,3925293,2045599,6652996,682104,684993,808346,939711,1322285,TX,1812633,337619,569568,905446,119145,156552,424587,156552,128806,278945
497,3780404,181580,5420318,1458334,214701,228382,1663961,174059,TX,570675,406295,152294,12086,95600,437301,193727,193727,1481133,13414
498,1754600,559613,5345902,3031689,467388,837809,150530,1050410,LA,1907928,734791,933649,239488,89747,82520,356689,89747,205611,893532
499,307510,1878839,6631096,4444747,929580,806476,1225514,150590,NC,1453531,374147,89135,990249,209140,156321,392509,209140,1851840,776764
500,1776687,671766,6648433,4199980,365689,420938,8055,1214853,SC,1315082,767402,256608,291072,126664,105288,194776,126664,1388702,108550
